Source,Target
sap 365 messaging hub,sap 365 messaging hub
sap 3d visual enterprise,sap 3d visual enterprise
sap a1s,sap a1s
sap accelerated trade promotion planning,sap accelerated trade promotion planning
sap accelerometer,sap accelerometer
sap access control,sap access control
sap access violation management,sap access violation management
sap account intelligence,sap account intelligence
sap account substantiation and automation,sap account substantiation and automation
sap accounting doc approve,sap accounting doc approve
sap accounts payable,sap accounts payable
sap accpak for data srvs,sap accpak for data srvs
sap accpak inf steward,sap accpak inf steward
sap acrobat connect,sap acrobat connect
sap acs for sap s/4hana,sap acs for sap s/4hana
sap act,sap act
sap ada cloud etd,sap ada cloud etd
sap adapter for quality center,sap adapter for quality center
sap adapters for pi,sap adapters for pi
sap adaptive server enterprise,sap adaptive server enterprise
sap add-on assembly kit,sap add-on assembly kit
sap add-on f sap sol,sap add-on f sap sol
sap add-on f srm,sap add-on f srm
sap adm cloud edition,sap adm cloud edition
sap ads,sap ads
sap advanced data migration,sap advanced data migration
sap advanced planning and optimization,sap advanced planning and optimization
sap advanced track and trace ,sap advanced track and trace 
sap advantage database server,sap advantage database server
sap aerospace & defense,sap aerospace & defense
sap afaria,sap afaria
sap aged care management,sap aged care management
sap agent connection,sap agent connection
sap agent performance management,sap agent performance management
sap agile data preparation,sap agile data preparation
sap agricultural contract management,sap agricultural contract management
sap ai core,sap ai core
sap ai foundation,sap ai foundation
sap all-in-one access kit,sap all-in-one access kit
sap all-in-one manufacturing,sap all-in-one manufacturing
sap allegiance,sap allegiance
sap allocation and rescheduling optimization,sap allocation and rescheduling optimization
sap altiscale data cloud,sap altiscale data cloud
sap analysis for microsoft office,sap analysis for microsoft office
sap analytic apps,sap analytic apps
sap analytical services,sap analytical services
sap analytics cloud,sap analytics cloud
sap analytics extension directory,sap analytics extension directory
sap analytics extn directory,sap analytics extn directory
sap analytics foundation,sap analytics foundation
sap analytics hub,sap analytics hub
sap anywhere,sap anywhere
sap ap add-on,sap ap add-on
sap api business hub,sap api business hub
sap api management,sap api management
sap apo,sap apo
sap appcenter,sap appcenter
sap apparel and footwear,sap apparel and footwear
sap application intelligence,sap application intelligence
sap application interface framework,sap application interface framework
sap application visualization,sap application visualization
sap approve all,sap approve all
sap ar service technician,sap ar service technician
sap ar warehouse picker,sap ar warehouse picker
sap archiving and document access,sap archiving and document access
sap ariba cloud integration gateway,sap ariba cloud integration gateway
sap ariba process mining,sap ariba process mining
sap ariba procurement,sap ariba procurement
sap aro,sap aro
sap ase,sap ase
sap assessment management,sap assessment management
sap asset information workbench,sap asset information workbench
sap asset intelligence network,sap asset intelligence network
sap asset lifecycle accounting,sap asset lifecycle accounting
sap asset lifecycle acctg,sap asset lifecycle acctg
sap asset manager,sap asset manager
sap asset retire oblig mgt,sap asset retire oblig mgt
sap asset retirement obligation management,sap asset retirement obligation management
sap asset strategy and performance management,sap asset strategy and performance management
sap assurance and compliance,sap assurance and compliance
sap audit watch,sap audit watch
sap auditor for maximo,sap auditor for maximo
sap authentication 365,sap authentication 365
sap authenticator,sap authenticator
sap auto-id infrastructure,sap auto-id infrastructure
sap automotive,sap automotive
sap avm,sap avm
sap b1,sap business one
sap baf,sap baf
sap bank analyzer,sap bank analyzer
sap bank communication management,sap bank communication management
sap banking,sap banking
sap bcm,sap bcm
sap bcs for sap bw/4hana,sap bcs for sap bw/4hana
sap beacon experience,sap beacon experience
sap bem,sap bem
sap best practices package manager,sap best practices package manager
sap beverage,sap beverage
sap big data margin assurance,sap big data margin assurance
sap big data platf telco,sap big data platf telco
sap billing and revenue innovation management,sap billing and revenue innovation management
sap billing consolidation,sap billing consolidation
sap blockchain,sap blockchain
sap bobj,sap business objects
sap bpc,sap business planning and consolidation
sap bpns,sap bpns
sap brand impact,sap brand impact
sap bt - meeting assistant,sap bt - meeting assistant
sap budget manage,sap budget manage
sap budgeting and planning,sap budgeting and planning
sap build,sap build
sap bulk fuel management,sap bulk fuel management
sap bus app studio,sap bus app studio
sap business application studio,sap business application studio
sap business banking,sap business banking
sap business bydesign,sap business bydesign
sap business center,sap business center
sap business connector,sap business connector
sap business designer,sap business designer
sap business ecology management,sap business ecology management
sap business ecology mgmt,sap business ecology mgmt
sap business in focus,sap business in focus
sap business information warehouse,sap business information warehouse
sap business intelligence,sap business intelligence
sap business objects,sap business objects
sap businessobjects,sap business objects
sap business one, sap business one
sap businessone, sap business one
sap business planning and consolidation,sap business planning and consolidation
sap business process analytics,sap business process analytics
sap business process optimization,sap business process optimization
sap business profitability management,sap business profitability management
sap business publisher,sap business publisher
sap business research,sap business research
sap business server and publisher,sap business server and publisher
sap business transparency,sap business transparency
sap business warehouse,sap business warehouse
sap bwonhana,sap bwonhana
sap bw4hana,sap bw4hana
sap bw/4hana,sap bw/4hana
sap byd,sap business bydesign
sap businessbydesign,sap business bydesign
sap business bydesign,sap business bydesign
sap c4hana,sap c4hana
sap c/4hana,sap c/4hana
sap ca for sap netweaver,sap ca for sap netweaver
sap cable solution,sap cable solution
sap caf,sap caf
sap cam expense recovery,sap cam expense recovery
sap campus management,sap campus management
sap capital markets,sap capital markets
sap capital yield tax management,sap capital yield
sap car telematics,sap car telematics
sap carbon impact,sap carbon impact
sap career ondemand,sap career ondemand
sap careers,sap careers
sap cart approval,sap cart approval
sap cash application,sap cash application
sap cash flow management,sap cash flow management
sap cash forecasting,sap cash forecasting
sap catch weight management,sap catch weight management
sap cbc,sap cbc
sap cc,sap cc
sap cdm,sap cdm
sap cent geo us - tomtom,sap cent geo us - tomtom
sap central finance,sap central finance
sap central process scheduling,sap central process scheduling
sap certified solutions directory,sap certified solutions directory
sap cflm,sap cflm
sap cfm,sap cfm
sap cfp,sap cfp
sap challenger insights,sap challenger insights
sap change impact analysis,sap change impact analysis
sap change manager,sap change manager
sap channel pm,sap channel pm
sap china commerce loc,sap china commerce loc
sap circular authority,sap circular authority
sap citizen connect,sap citizen connect
sap claims management,sap claims management
sap cloud alm,sap cloud application lifecycle management
sap cloud cart,sap cloud cart
sap cloud connector,sap cloud connector
sap cloud for customer,sap cloud for customer
sap cloud for energy,sap cloud for energy
sap cloud for financials,sap cloud for financials
sap cloud for predictive,sap cloud for predictive
sap cloud for product stewardship,sap cloud for product stewardship
sap cloud for real estate,sap cloud for real estate
sap cloud for travel and expense,sap cloud for travel and expense
sap cloud identity,sap cloud identity
sap cloud platform,sap cloud platform
sap collections insight,sap collections insight
sap commerce,sap commerce
sap commercial proj mgmt,sap commercial proj mgmt
sap commercial project management,sap commercial project management
sap commissions,sap commissions
sap complex assembly manufacturing,sap complex assembly manufacturing
sap composition application framework,sap composition application framework
sap connected agriculture,sap connected agriculture
sap connectivity service,sap connectivity service
sap consumer insight 365,sap consumer insight 365
sap contact center,sap contact center
sap content server,sap content server
sap contextor,sap contextor
sap convergent charging,sap convergent charging
sap conversational ai,sap conversational ai
sap conversion management,sap conversion management
sap copilot,sap copilot
sap core by opentext,sap core by opentext
sap core cee,sap core cee
sap corp conn bnkg westpac,sap corp conn bnkg westpac
sap corp serialization,sap corp serialization
sap corporate connectivity for banking,sap corporate connectivity for banking
sap corporate serialization,sap corporate serialization
sap cost center rapid mart,sap cost center rapid mart
sap cp,sap cloud platform
sap cr channel order mgmt,sap cr channel order mgmt
sap cr server oem,sap cr server oem
sap critical infrastructure protection,sap critical infrastructure protection
sap crm,sap customer relationship management
sap cross-channel order management,sap cross-channel order management
sap crs adv admin pack,sap crs adv admin pack
sap crystal interactive analysis desktop edition,sap crystal interactive analysis desktop edition
sap crystal interactive analysis oem edition,sap crystal interactive analysis oem edition
sap crystal present design,sap crystal present design
sap crystal presentation design,sap crystal presentation design
sap crystal reports,sap crystal reports
sap crystal server,sap crystal server
sap csd,sap csd
sap customer activity repository,sap customer activity repository
sap customer analysis and retention,sap customer analysis and retention
sap customer analytics for retail,sap customer analytics for retail
sap customer and contacts,sap customer and contacts
sap customer attribution,sap customer attribution
sap customer briefing,sap customer briefing
sap customer business plan,sap customer business plan
sap customer business planning,sap customer business planning
sap customer center,sap customer center
sap customer checkout,sap customer checkout
sap customer data cloud,sap customer data cloud
sap customer data platform,sap customer data platform
sap customer energy management,sap customer energy management
sap customer engagement center,sap customer engagement center
sap customer engagement intel,sap customer engagement intel
sap customer financial fact sheet,sap customer financial fact sheet
sap customer identity,sap customer identity
sap customer insight,sap customer insight
sap customer insight,sap customer insight
sap customer journey,sap customer journey
sap customer loyalty,sap customer loyalty
sap customer order sourcing,sap customer order sourcing
sap customer profile,sap customer profile
sap customer relationship management,sap customer relationship management
sap customer retention,sap customer retention
sap customer view,sap customer view
sap customer360 for ipad,sap customer360 for ipad
sap cv matching,sap cv matching
sap cws,sap cws
sap cx sales ml,sap cx sales ml
sap cx service ml,sap cx service ml
sap cyt management,sap cyt management
sap cyt mgmt for banking,sap cyt mgmt for banking
sap dac carer,sap dac carer
sap dac client ,sap dac client 
sap dairy management,sap dairy management
sap dairy solution,sap dairy solution
sap dam,sap digital asset management
sap data custodian,sap data custodian
sap data encryption,sap data encryption
sap data federator,sap data federator
sap data hub,sap data hub
sap data insight,sap data insight
sap data integrator,sap data integrator
sap data intelligence,sap data intelligence
sap data maintenance,sap data maintenance
sap data mapping and protection,sap data mapping and protection
sap data network live customer,sap data network live customer
sap data platform,sap data platform
sap data quality management,sap data quality management
sap data services,sap data services
sap data visualization,sap data visualization
sap data warehouse cloud,sap data warehouse cloud
sap datahug,sap intelligent sales execution
sap datamapping,sap datamapping
sap db control center,sap db control center
sap dc app ctrl ecc,sap dc app ctrl ecc
sap dc application ctrl,sap dc application ctrl
sap dcm,sap delivery control monitor
sap dcp light,sap dcp light
sap dcplight,sap dcplight
sap dealer business management,sap dealer business management
sap decision service management,sap decision service management
sap deduction management component,sap deduction management component
sap deduction mgmt component,sap deduction mgmt component
sap defense command and control,sap defense command and control
sap defense milstrip purchase,sap defense milstrip purchase
sap defense milstrip purchasing,sap defense milstrip purchasing
sap demand management,sap demand management
sap demand signal management,sap demand signal management
sap deposits management,sap deposits management
sap device management,sap device management
sap devicewise,sap devicewise
sap digit exp monitoring,sap digit exp monitoring
sap digital aged care,sap digital aged care
sap digital and mobile publishing ondemand,sap digital and mobile publishing ondemand
sap digital asset management,sap digital asset management
sap digital assistant,sap digital assistant
sap digital boardroom,sap digital boardroom
sap digital consumer insight,sap digital consumer insight
sap digital content processing,sap digital content processing
sap digital documents,sap digital documents
sap digital for customer engagement,sap digital for customer engagement
sap digital manufacturing,sap digital manufacturing insights
sap digital manufacturing insights,sap digital manufacturing insights
sap digital payments add-on,sap digital payments add-on
sap digital process dna,sap digital process dna
sap digital vehicle hub,sap digital vehicle hub
sap dimensions,sap dimensions
sap direct store delivery,sap direct store delivery
sap disclosure management,sap disclosure management
sap discount manager,sap discount manager
sap discrete industries,sap discrete industries
sap distance determ service,sap distance determ service
sap distance determ svc,sap distance determ svc
sap distr manufact,sap distr manufact
sap distributed manufacturing,sap distributed manufacturing
sap dme,sap dme
sap dmi,SAP digital manufacturing insights
sap dmp,sap dmp
sap dms connector for km,sap dms connector for km
sap doc access,sap doc access
sap doc center ,sap doc center 
sap doc pres live,sap doc pres live
sap docb,sap docb
sap docpresstreamserve,sap docpresstreamserve
sap docprsntment byot cld edt,sap docprsntment byot cld edt
sap document access,sap document access
sap document builder,sap document builder
sap document center,sap document center
sap document compliance inbound invoicing,sap document compliance inbound invoicing
sap document management system,sap document management system
sap document presentment,sap document presentment
sap docusign,sap docusign
sap dom,sap dom
sap dp,sap dp
sap dqm,sap dqm
sap ds migration acc,sap ds migration acc
sap dsim for sap bw/4hana,sap dsim for sap bw/4hana
sap duet enterprise adapter,sap duet enterprise adapter
sap dyn inv discount,sap dyn inv discount
sap dynamic authorization management,sap dynamic authorization management
sap dynamic authorization mgmt,sap dynamic authorization mgmt
sap dynamic cash management,sap dynamic cash management
sap dynamic edge processing,sap dynamic edge processing
sap dynamic invoice discounting,sap dynamic invoice discounting
sap dynamic pricing,sap dynamic pricing
sap dynamic test scripts,sap dynamic test scripts
sap dynamics,sap dynamics
sap e-care,sap e-care
sap e-commerce,sap e-commerce
sap e-invoicing compliance,sap e-invoicing compliance
sap e-mail 365,sap e-mail 365
sap e-mobility,sap e-mobility
sap e-recruiting,sap e-recruiting
sap e-sourcing,sap e-sourcing
sap ea designer,sap ea designer
sap ead database agent,sap ead database agent
sap eam and service mobile app sdk,sap eam and service mobile app sdk
sap eam maint cockpit,sap eam maint cockpit
sap eam mobile app sdk,sap eam mobile app sdk
sap eam work order,sap eam work order
sap easy document management,sap easy document management
sap ecc,sap ecc
sap ectr,sap ectr
sap edge services,sap edge services
sap edm for gas,sap edm for gas
sap edocument as a service,sap edocument as a service
sap edrm,sap edrm
sap eds,sap eds
sap eeg billing,sap eeg billing
sap efm,sap efm
sap eh&s,sap eh&s
sap ehs,sap eh&s
sap eis,sap eis
sap electric vehicle readiness,sap electric vehicle readiness
sap electronic invoicing,sap electronic invoicing
sap nota fiscal eletronica,sap nota fiscal eletronica
sap electronic medical record,sap electronic medical record
sap em on hana,sap em on hana
sap emarsys,sap emarsys
sap emergency hub,sap emergency hub
sap employee connect 365,sap employee connect 365
sap employee file management,sap employee file management
sap employee lookup,sap employee lookup
sap emr,sap emr
sap enable now author,sap enable now author
sap enable now cloud,sap enable now cloud
sap enable now consumpt,sap enable now consumpt
sap enable now consumption,sap enable now consumption
sap energy analysis,sap energy analysis
sap energy and environmental intelligence,sap energy and environmental intelligence
sap energy and environmental resource management,sap energy and environmental resource management
sap energy and resource management,sap energy and resource management
sap energy data management ,sap energy data management 
sap energy portfolio management,sap energy portfolio management
sap engageone,sap engageone
sap engineering & construction,sap engineering & construction
sap engineering &amp,sap engineering &amp
sap engineering control center,sap engineering control center
sap enhanced maintenance and service planning,sap enhanced maintenance and service planning
sap enhancement package,sap enhancement package
sap enterpr project connection,sap enterpr project connection
sap enterprise architect,sap enterprise architect
sap enterprise asset management ,sap enterprise asset management 
sap enterprise chatbot,sap enterprise chatbot
sap enterprise cockpit,sap enterprise cockpit
sap enterprise continuous testing,sap enterprise continuous testing
sap enterprise dashboard,sap enterprise dashboard
sap enterprise demand sensing,sap enterprise demand sensing
sap enterprise digital rights management,sap enterprise digital rights management
sap enterprise inventory and service-level optimization,sap enterprise inventory and service-level optimization
sap enterprise learning,sap enterprise learning
sap enterprise modeling,sap enterprise modeling
sap enterprise orientdb,sap enterprise orientdb
sap enterprise performance management,sap enterprise performance management
sap enterprise performance management ondemand,sap enterprise performance management ondemand
sap enterprise point-of-sale,sap enterprise point-of-sale
sap enterprise portal,sap enterprise portal
sap enterprise pos,sap enterprise pos
sap enterprise product development,sap enterprise product development
sap enterprise project connection,sap enterprise project connection
sap enterprise risk and solvency management for insurance,sap enterprise risk and solvency management for insurance
sap enterprise risk reporting for banking,sap enterprise risk reporting for banking
sap enterprise store,sap enterprise store
sap enterprise support academy,sap enterprise support academy
sap enterprise threat detection,sap enterprise threat detection
sap enterprise workspaces,sap enterprise workspaces
sap entitlement management,sap entitlement management
sap environment health and safety management,sap environment health and safety management
sap environmental compliance,sap environmental compliance
sap epm,sap epm
sap eppm,sap eppm
sap equestrian,sap equestrian
sap erp,sap erp
sap event insight,sap event insight
sap event management,sap event management
sap event stream processor,sap event stream processor
sap event ticketing,sap event ticketing
sap ewm for fashion,sap ewm for fashion
sap exchange infrastructure,sap exchange infrastructure
sap exchange media,sap exchange media
sap excise tax management,sap excise tax management
sap executive hr reporting,sap executive hr reporting
sap ext diagn,sap ext diagn
sap extend proj cost plan,sap extend proj cost plan
sap extended pm,sap extended pm
sap extended diagnostics,sap extended diagnostics
sap extended ecm,sap extended ecm
sap extended enterprise content management,sap extended enterprise content management
sap extended project cost planning,sap extended project cost planning
sap extended warehouse management,sap extended warehouse management
sap extended warehouse mgmt,sap extended warehouse mgmt
sap extensibility explorer,sap extensibility explorer
sap external communities,sap external communities
sap f&r,sap f&r
sap fan engagement,sap fan engagement
sap fan experience,sap fan experience
sap farm management,sap farm management
sap fashion management,sap fashion management
sap fatca,sap fatca
sap federal energy regulatory commission reporting,sap federal energy regulatory commission reporting
sap fi-ca,sap fi-ca
sap field service,sap field service
sap fieldglass,sap fieldglass
sap fieldglass vendor management system,sap fieldglass vendor management system
sap file lifecycle management localization,sap file lifecycle management localization
sap financial closing cockpit,sap financial closing cockpit
sap financial compliance management,sap financial compliance management
sap financial consolidation,sap financial consolidation
sap financial inform mgmt,sap financial inform mgmt
sap financial information management,sap financial information management
sap financial services data management,sap financial services data management
sap financial statement insights,sap financial statement insights
sap financial supply chain management,sap financial supply chain management
sap financials ondemand mobile,sap financials ondemand mobile
sap fiori,sap fiori
sap fit framework,sap fit framework
sap fixed assets rapid mart,sap fixed assets rapid mart
sap flex solution billing,sap flex solution billing
sap flexible solution billing,sap flexible solution billing
sap focused run,sap focused run
sap folders management,sap folders management
sap food service inventory manager,sap food service inventory manager
sap for me,sap for me
sap for oil & gas,sap for oil & gas
sap for utilities,sap for utilities
sap forecasting and replenishment,sap forecasting and replenishment
sap fortify,sap fortify
sap foundation data,sap foundation data
sap fraud detection,sap fraud detection
sap fraud management,sap fraud management
sap fraud watch,sap fraud watch
sap freight cost extension,sap freight cost extension
sap fresh product add-on,sap fresh product add-on
sap fs data management,sap fs data management
sap fscm,sap fscm
sap fsm,sap fsm
sap funding management,sap funding management
sap fundraising management,sap fundraising management
sap funds management,sap funds management
sap funds transfer pricing,sap funds transfer pricing
sap ganges,sap ganges
sap gardener,sap gardener
sap gateway,sap gateway
sap gbaas,sap gbaas
sap gcp,sap gcp
sap gds,sap gds
sap gef,sap gef
sap general ledger,sap general ledger
sap genomic analyzer,sap genomic analyzer
sap geo dir,sap geo dir
sap geodir,sap geodir
sap geographical enablement framework,sap geographical enablement framework
sap german metering,sap german metering
sap gg,sap gg
sap gl account,sap gl account
sap global batch traceability,sap global batch traceability
sap global track and trace,sap global track and trace
sap global trade services,sap global trade services
sap gp,sap gp
sap graph,sap graph
sap grc access approver,sap grc access approver
sap grc access control,sap grc access control
sap grc access enforcer,sap grc access enforcer
sap grc analytics,sap grc analytics
sap grc compliance calibrator,sap grc compliance calibrator
sap grc firefighter,sap grc firefighter
sap grc global trade services,sap grc global trade services
sap grc policy manager,sap grc policy manager
sap grc policy survey,sap grc policy survey
sap grc process control,sap grc process control
sap grc risk management,sap grc risk management
sap grc role expert,sap grc role expert
sap grdc cloud,sap grdc cloud
sap grir monitor,sap grir monitor
sap group reporting data collection,sap group reporting data collection
sap grower management for perishables,sap grower management for perishables
sap gts edition,sap gts edition
sap hana,sap hana
sap hci,sap hci
sap hcm,sap hcm
sap hdw,sap hdw
sap health central,sap health central
sap health data,sap health data
sap health for clinical quality,sap health for clinical quality
sap health for patient engagement,sap health for patient engagement
sap health for waiting time management,sap health for waiting time management
sap health link,sap health link
sap healthcare practitioner spend analysis,sap healthcare practitioner spend analysis
sap heavy equipment mgmt,sap heavy equipment mgmt
sap hec,sap hec
sap help portal reader,sap help portal reader
sap high tech,sap high tech
sap hr approvals,sap hr approvals
sap hr public sector,sap hr public sector
sap hr rapid mart,sap hr rapid mart
sap hr-cee,sap hr-cee
sap hx-cee,sap hx-cee
sap hxe telemetry server,sap hxe telemetry server
sap hybris,sap hybris
sap ibpp,sap ibpp
sap ibsp,sap ibsp
sap icm,sap icm
sap identity analytics,sap identity analytics
sap identity management,sap identity management
sap idex,sap idex
sap idxat2,sap idxat2
sap ies,sap ies
sap ievent,sap ievent
sap ii erp integration,sap ii erp integration
sap ii,sap ii
sap ilm add-on,sap ilm add-on
sap impairment management for banking,sap impairment management for banking
sap impairment mgmtsystem,sap impairment mgmtsystem
sap in-store product lookup,sap in-store product lookup
sap incentive administration,sap incentive administration
sap incentive and commission management,sap incentive and commission management
sap incentivepayback,sap incentivepayback
sap indpack telcoutil,sap indpack telcoutil
sap industry pack financial,sap industry pack financial
sap industry pack for retail,sap industry pack for retail
sap industry pack telcomedia,sap industry pack telcomedia
sap industry pack travel,sap industry pack travel
sap infiniteinsight,sap infiniteinsight
sap info interchange,sap info interchange
sap info lc mgmt,sap info lc mgmt
sap info pak,sap info pak
sap infomaker,sap infomaker
sap inform extract,sap inform extract
sap information capture core,sap information capture core
sap information collaboration hub ,sap information collaboration hub 
sap information extraction,sap information extraction
sap information interchange ,sap information interchange 
sap information interchange ondemand,sap information interchange ondemand
sap information steward,sap information steward
sap infrastructure management,sap infrastructure management
sap innovation center,sap innovation center
sap innovation management,sap innovation management
sap insurance agent port,sap insurance agent port
sap insurance analyzer,sap insurance analyzer
sap insurance broker statement processing,sap insurance broker statement processing
sap insurance fs-cd,sap insurance fs-cd
sap insurance fs-cm,sap insurance fs-cm
sap insurance fs-cm-lb,sap insurance fs-cm-lb
sap insurance fs-cs,sap insurance fs-cs
sap insurance fs-ipw,sap insurance fs-ipw
sap insurance fs-pm,sap insurance fs-pm
sap insurance fs-pm-auto,sap insurance fs-pm-auto
sap insurance fs-pm-group,sap insurance fs-pm-group
sap insurance fs-ri,sap insurance fs-ri
sap insurance loc,sap insurance loc
sap insurance sales assistant,sap insurance sales assistant
sap integrated business planning,sap integrated business planning
sap integrated exploration and production,sap integrated exploration and production
sap integration and transformation framework,sap integration and transformation framework
sap intel returnable pack,sap intel returnable pack
sap intell meter ger enrgy,sap intell meter ger enrgy
sap intelligence analysis for public sector,sap intelligence analysis for public sector
sap intelligent metering for german energy utilities,sap intelligent metering for german energy utilities
sap intelligent product design,sap intelligent product design
sap intelligent robotic process automation,sap intelligent robotic process automation
sap intelligent sales execution,sap intelligent sales execution
sap intelligent services for marketing,sap intelligent services for marketing
sap intelligent ticketing,sap intelligent ticketing
sap intelligent trade claims management,sap intelligent trade claims management
sap interactive shelf,sap interactive shelf
sap intercompany data exchange,sap intercompany data exchange
sap intercompany financial hub,sap intercompany financial hub
sap internet of things,sap internet of things
sap internet sales,sap internet sales
sap interview assistant,sap interview assistant
sap intl proc autom,sap intl proc autom
sap intll paymnt hndlng,sap intll paymnt hndlng
sap inv manager,sap inv manager
sap inventory manager,sap inventory manager
sap inventory mgr,sap inventory mgr
sap inventory rapid mart,sap inventory rapid mart
sap invoice 2 record,sap invoice 2 record
sap invoice and goods receipt reconciliation,sap invoice and goods receipt reconciliation
sap invoice captcentby,sap invoice captcentby
sap invoice management,sap invoice management
sap invoice management foundation,sap invoice management foundation
sap invoice matching,sap invoice matching
sap invoice mgmt,sap invoice mgmt
sap iot appl enblm,sap iot appl enblm
sap iot application enablement,sap iot application enablement
sap iot connect 365,sap iot connect 365
sap iot connectivity,sap iot connectivity
sap iot device connection mgmt,sap iot device connection mgmt
sap iot moving assets cloud,sap iot moving assets cloud
sap iot priv cld,sap iot priv cld
sap iot simulator,sap iot simulator
sap ip rights analysis,sap ip rights analysis
sap iq,sap sybase iq
sap irpa chrome plugin,sap intelligent robotic process automation
sap is accelerator,sap is accelerator
sap is-m,sap is-m
sap is-t,sap is-t
sap is-u,sap is-u
sap it change approval,sap it change approval
sap it incident management,sap it incident management
sap it infrastructure management,sap it infrastructure management
sap it operations analytics,sap it operations analytics
sap it process automation,sap it process automation
sap itoa,sap itoa
sap jam collaboration,sap jam collaboration
sap jam communities,sap jam communities
sap jam crm integration,sap jam crm integration
sap jam for android,sap jam for android
sap jam for ios,sap jam for ios
sap jam integration with sap crm,sap jam integration with sap crm
sap java virtual machine,sap java virtual machine
sap job matcher,sap job matcher
sap job matching,sap job matching
sap job progress monitor,sap job progress monitor
sap job standardization,sap job standardization
sap joint venture accounting,sap joint venture accounting
sap jva ebilling,sap jva ebilling
sap jvm 41,sap jvm 41
sap knowledge acceleration,sap knowledge acceleration
sap knowledge central,sap knowledge central
sap knowledge warehouse,sap knowledge warehouse
sap knowledge workspace,sap knowledge workspace
sap kw,sap knowledge warehouse
sap landed cost analysis,sap landed cost analysis
sap landscape management,sap landscape management
sap landscape mgmt enterprises,sap landscape mgmt enterprises
sap landscape mgmt standard,sap landscape mgmt standard
sap landscape mgmt,sap landscape mgmt
sap landscape mgt,sap landscape mgt
sap landscape transformation,sap landscape transformation
sap law to action,sap law to action
sap lbn,sap lbn
sap le application platform,sap le application platform
sap lean project manager,sap lean project manager
sap learn now,sap learn now
sap learning app,sap learning app
sap learning assistant,sap learning assistant
sap learning solution,sap learning solution
sap lease administration,sap lease administration
sap leave request,sap leave request
sap leonardo edge services,sap leonardo edge services
sap leonardo iot bridge,sap leonardo iot bridge
sap leonardo machine learning foundation,sap leonardo machine learning foundation
sap leonardo ml foundation,sap leonardo ml foundation
sap lessee contract management,sap lessee contract management
sap life sciences,sap life sciences
sap light visualization,sap light visualization
sap liquidity management,sap liquidity management
sap liquidity mgmt banking,sap liquidity mgmt banking
sap liquidity risk management,sap liquidity risk management
sap liquidity risk manager ,sap liquidity risk manager 
sap litmos content,sap litmos content
sap litmos mobile,sap litmos mobile
sap litmos training,sap litmos training
sap live link 365,sap live link 365
sap lm automation pilot,sap lm automation pilot
sap load testing,sap load testing
sap loadrunner,sap loadrunner
sap loans management,sap loans management
sap loans mgmt,sap loans mgmt
sap localization hub,sap localization hub
sap lockout,sap lockout
sap logistics business network,sap logistics business network
sap loss prevention,sap loss prevention
sap loyalty marketing,sap loyalty marketing
sap loyalty shopping assistant,sap loyalty shopping assistant
sap lr,sap lr
sap lt replication server,sap lt replication server
sap ltrs,sap ltrs
sap lumira,sap lumira
sap machine manufacturing analytics,sap machine manufacturing analytics
sap maf,sap maf
sap magiceddy,sap magiceddy
sap maintenance mentor,sap maintenance mentor
sap mam,sap mam
sap management of change,sap management of change
sap manager approvals,sap manager approvals
sap manager insight,sap manager insight
sap manuf analytics,sap manuf analytics
sap manufacturing analytics,sap manufacturing analytics
sap manufacturing execution,sap manufacturing execution
sap manufacturing integration and intelligence,sap manufacturing integration and intelligence
sap margin analysis,sap margin analysis
sap market communication,sap market communication
sap market rates management,sap market rates management
sap marketing,sap marketing
sap marketplace connector,sap marketplace connector
sap marketset,sap marketset
sap master data cloud,sap master data cloud
sap master data governance,sap master data governance
sap master data management extension,sap master data management extension
sap master data services,sap master data services
sap match insights,sap match insights
sap material availability,sap material availability
sap matrix booking,sap matrix booking
sap mdg-rfm,sap mdg-rfm
sap mdm,sap mdm
sap mds,sap mds
sap mdsd,sap mdsd
sap meat and fish management,sap meat and fish management
sap meat mgmt,sap meat mgmt
sap med research insights,sap med research insights
sap media sales and advertising,sap media sales and advertising
sap medical research insights,sap medical research insights
sap meeting organizer,sap meeting organizer
sap merchandise and assortment planning,sap merchandise and assortment planning
sap merchandise assortment,sap merchandise assortment
sap metadata apps sdk,sap metadata apps sdk
sap metadata management,sap metadata management
sap meter data management,sap meter data management
sap mfg execution,sap mfg execution
sap mig,sap mig
sap mii,sap mii
sap mile,sap mile
sap military data exchange,sap military data exchange
sap mill products,sap mill products
sap mining,sap mining
sap mkt,sap marketing
sap mma,sap mma
sap mobile app framework,sap mobile app framework
sap mobile app protection,sap mobile app protection
sap mobile apps,sap mobile apps
sap mobile asset management,sap mobile asset management
sap mobile cards,sap mobile cards
sap mobile consumer assistant,sap mobile consumer assistant
sap mobile defense and security,sap mobile defense and security
sap mobile direct store delivery,sap mobile direct store delivery
sap mobile docs server,sap mobile docs server
sap mobile documents,sap mobile documents
sap mobile engine,sap mobile engine
sap mobile inclusive banking,sap mobile inclusive banking
sap mobile platf cloud edit,sap mobile platf cloud edit
sap mobile platf cloud vers,sap mobile platf cloud vers
sap mobile platform,sap mobile platform
sap mobile procurement,sap mobile procurement
sap mobile sales,sap mobile sales
sap mobile secure,sap mobile secure
sap mobile service,sap mobile service
sap mobile sourcing management,sap mobile sourcing management
sap mobile time and travel,sap mobile time and travel
sap mobile workflow manager,sap mobile workflow manager
sap moving assets,sap moving assets
sap mrs optimizer,sap multiresource scheduling
sap mse for hh,sap mse for hh
sap msp,sap msp
sap mss add-on,sap mss add-on
sap mta tool,sap mta tool
sap mtt,sap mtt
sap multi resource scheduling,sap multi resource scheduling
sap multi site wfd,sap multi site wfd
sap multi-bank connectivity,sap multi-bank connectivity
sap multi-resource scheduling,sap multi-resource scheduling
sap multichannel foundation for utilities and public sector,sap multichannel foundation for utilities and public sector
sap multires sched w/optim,sap multiresource scheduling
sap multiresource scheduling,sap multiresource scheduling
sap muri,sap muri
sap mymoney,sap mymoney
sap net margin analysis,sap net margin analysis
sap netweaver,sap netweaver
sap networked logistics hub,sap networked logistics hub
sap networking,sap networking
sap newdb,sap newdb
sap next-gen app,sap next-gen app
sap next-gen mobile app,sap next-gen mobile app
sap nf-e as a service,sap nf-e as a service
sap nfe for s/4hana,sap nfe for s/4hana
sap nota fiscal electronica,sap nota fiscal electronica
sap nota fiscal eletronica,sap nota fiscal eletronica
sap notes management,sap notes management
sap npo payroll processing,sap npo payroll processing
sap nw abap for ssuite,sap nw abap for ssuite
sap nw as abap for byd,sap nw as abap for byd
sap nw enterp workspaces,sap nw enterp workspaces
sap nw enterprise search,sap nw enterprise search
sap nw identity management,sap nw identity management
sap nw java - support tool,sap nw java - support tool
sap nw ondemand,sap nw ondemand
sap nw pi connectivity,sap nw pi connectivity
sap nw single sign on,sap nw single sign on
sap nw ui extensions,sap nw ui extensions
sap ocr for ef,sap ocr for ef
sap ocr for invoice mgt,sap ocr for invoice mgt
sap ocr for trm,sap ocr for trm
sap od landscape mgt appliance,sap od landscape mgt appliance
sap od platform,sap od platform
sap oewb,sap oewb
sap offline mobile store,sap offline mobile store
sap ogsd,sap ogsd
sap is-oil,sap is-oil
sap oil&gas,sap oil&gas
sap omni_promotion_pricing_od,sap omni_promotion_pricing_od
sap omnichannel banking,sap omnichannel banking
sap omnichannel point-of-sale,sap omnichannel point-of-sale
sap omnichannel pos,sap omnichannel pos
sap omnichannel promotion pricing,sap omnichannel promotion pricing
sap omnichannelpos,sap omnichannelpos
sap on demand talent integr,sap on demand talent integr
sap on demand talent mgmt,sap on demand talent mgmt
sap on-shelf availability,sap on-shelf availability
sap one domain model,sap one domain model
sap one procurement,sap one procurement
sap one server,sap one server
sap online business banking,sap online business banking
sap online retail banking,sap online retail banking
sap onsite event manager,sap onsite event manager
sap open scale management,sap open scale management
sap open scale mgmt,sap open scale mgmt
sap open server,sap open server
sap open switch,sap open switch
sap operational hc plan rds,sap operational hc plan rds
sap operational headcount planning,sap operational headcount planning
sap operational process intelligence,sap operational process intelligence
sap optimization as a service,sap optimization as a service
sap org visualization,sap org visualization
sap organizational visualization,sap organizational visualization
sap osisoft,sap osisoft
sap overall equipment effectiveness management,sap overall equipment effectiveness management
sap parcs,sap parcs
sap partner connectivity,sap partner connectivity
sap patient accounting,sap patient accounting
sap patient administration,sap patient administration
sap patient management,sap patient management
sap patient mgmt,sap patient mgmt
sap payment approvals,sap payment approvals
sap payment engine,sap payment engine
sap payroll and time change management,sap payroll and time change management
sap payroll change management,sap payroll change management
sap payroll processing for nonprofit organizations,sap payroll processing for nonprofit organizations
sap pc edge for microsoft,sap pc edge for microsoft
sap pc for s/4hana,sap pc for s/4hana
sap pcm,sap pcm
sap pdm foundation,sap pdm foundation
sap pdms,sap predictive maintenance and service 
sap people connect 365,sap people connect 365
sap percipio,sap percipio
sap ph-elr,sap ph-elr
sap physical security management,sap physical security management
sap plankton,sap plankton
sap plant connectivity,sap plant connectivity
sap plant maintenance rapid mart,sap plant maintenance rapid mart
sap player engagement,sap player engagement
sap player fitness,sap player fitness
sap plm,sap process lifecycle management
sap pm by celonis,sap process mining
sap pmm pricing analytics,sap pmm pricing analytics
sap point-of-sale,sap point-of-sale
sap policy management,sap policy management
sap policyholder lookup,sap policyholder lookup
sap portal content management,sap portal content management
sap portal on demand,sap portal on demand
sap portal site management,sap portal site management
sap portf and proj management,sap portf and proj management
sap portfolio and project management,sap portfolio and project management
sap pos,sap point-of-sale
sap postalsoft address correction and encoding,sap postalsoft address correction and encoding
sap postalsoft business edition,sap postalsoft business edition
sap postalsoft desk postal code,sap postalsoft desk postal code
sap postalsoft desktop mailer,sap postalsoft desktop mailer
sap postalsoft firstprep,sap postalsoft firstprep
sap postalsoft global match,sap postalsoft global match
sap postalsoft label studio,sap postalsoft label studio
sap postalsoft match consolidate,sap postalsoft match consolidate
sap postalsoft presort,sap postalsoft presort
sap postalsoft printform,sap postalsoft printform
sap poweramc,sap poweramc
sap powerbuilder,sap powerbuilder
sap powerdesigner,sap powerdesigner
sap ppim,sap ppim
sap ppm,sap ppm
sap pra,sap pra
sap precision marketing,sap precision marketing
sap predict engineer,sap predict engineer
sap predictive analysis,sap predictive analysis
sap predictive analytics,sap predictive analytics
sap predictive engineering insights,sap predictive engineering insights
sap predictive integrator,sap predictive integrator
sap predictive maintenance and service ,sap predictive maintenance and service 
sap predictive service,sap predictive service
sap price & margin management,sap price & margin management
sap price and margin management,sap price and margin management
sap price opt for banking,sap price opt for banking
sap price optimization for banking,sap price optimization for banking
sap pricing and costing for utilities,sap pricing and costing for utilities
sap pricing profitability analysis,sap pricing profitability analysis
sap privacy governance,sap privacy governance
sap privacy management,sap privacy management
sap privacy mgmt bigid,sap privacy mgmt bigid
sap privacymanagement,sap privacymanagement
sap process control,sap process control
sap process integration,sap process integration
sap process mining,sap process mining
sap process objects builder,sap process objects builder
sap process performance management,sap process performance management
sap process scheduling adapter,sap process scheduling adapter
sap procurement intelligence,sap procurement intelligence
sap procurement planning,sap procurement planning
sap prod composer,sap prod composer
sap prodlifecost cloud,sap prodlifecost cloud
sap producer pro,sap producer pro
sap product and quotation management for insurance,sap product and quotation management for insurance
sap product configuration,sap product configuration
sap product content hub,sap product content hub
sap product data management integration,sap product data management integration
sap product life cost,sap product life cost
sap product lifecycle costing,sap product lifecycle costing
sap product lifecycle management,sap product lifecycle management
sap product safety management ondemand,sap product safety management ondemand
sap product safety mgmt,sap product safety mgmt
sap product stewardship network,sap product stewardship network
sap product verification,sap product verification
sap production and revenue accounting,sap production and revenue accounting
sap production planning rapid mart,sap production planning rapid mart
sap promotion management,sap promotion management
sap public sector,sap public sector
sap quality center,sap quality center
sap qualtrics,sap qualtrics
sap quotation and underwriting for insurance,sap quotation and underwriting for insurance
sap r/3,sap r/3
sap r3, sap r/3
sap rad,sap rad
sap real estate,sap real estate
sap real-time communicator,sap real-time communicator
sap real-time offer management,sap real-time offer management
sap real-time offer management software,sap real-time offer management software
sap real-time situational awareness,sap real-time situational awareness
sap realspend,sap realspend
sap receivables manager,sap receivables manager
sap records management,sap records management
sap replication manager,sap replication manager
sap replication server,sap replication server
sap retail,sap retail
sap revenue accounting,sap revenue accounting
sap risk management,sap risk management
sap river,sap river
sap roambi,sap roambi
sap rounds manager,sap rounds manager
sap rounds mgr java src,sap rounds mgr java src
sap rural sourc mgmt cp,sap rural sourc mgmt cp
sap rural sourcing management,sap rural sourcing management
sap s/4hana,sap s/4hana
sap s4 utl mtc,sap s4 utl mtc
sap s4-concur integration,sap s4-concur integration
sap s4scsd,sap s4scsd
sap sail better,sap sail better
sap sailing analytics,sap sailing analytics
sap sales analysis for retail,sap sales analysis for retail
sap sales and operations planning,sap sales and operations planning
sap sales b2b ios,sap sales b2b ios
sap sales b2b mobile,sap sales b2b mobile
sap sales cloud,sap sales cloud
sap sales manager,sap sales manager
sap sales ondemand,sap sales ondemand
sap sales rapid mart,sap sales rapid mart
sap screen personas,sap screen personas
sap sem,sap sem
sap signature management,sap signature management
sap single sign on,sap single sign on
sap single sign-on,sap single sign-on
sap solution manager,sap solution manager
sap sop,sap sop
sap sourcing,sap sourcing
sap spend analysis ondemand,sap spend analysis ondemand
sap spend analytics,sap spend analytics
sap spend performance management,sap spend performance management
sap spend performance mgmt,sap spend performance mgmt
sap sports one,sap sports one
sap sps,sap sps
sap sql anywhere,sap sql anywhere
sap srm,sap supplier relationship management
sap store app,sap store app
sap successfactors compensation,sap successfactors compensation
sap successfactors document management,sap successfactors document management
sap successfactors employee central,sap successfactors employee central
sap successfactors extended enterprise content management,sap successfactors extended enterprise content management
sap successfactors hxm core,sap successfactors hxm core
sap successfactors hxm suite,sap successfactors hxm suite
sap successfactors learning,sap successfactors learning
sap successfactors mobile,sap successfactors mobile
sap successfactors onboarding,sap successfactors onboarding
sap successfactors people analytics,sap successfactors people analytics
sap successfactors people central hub,sap successfactors people central hub
sap successfactors performance & goals,sap successfactors performance & goals
sap successfactors platform,sap successfactors platform
sap successfactors recruiting,sap successfactors recruiting
sap successfactors succession & development,sap successfactors succession & development
sap successfactors time tracking,sap successfactors time tracking
sap successfactors visa and permits management,sap successfactors visa and permits management
sap successfactors work-life,sap successfactors work-life
sap successfactors workforce analytics,sap successfactors workforce analytics
sap successfactors workforce planning,sap successfactors workforce planning
sap supplier infonet,sap supplier infonet
sap supplier lifecycle management,sap supplier lifecycle management
sap supplier lifecycle mgmt,sap supplier lifecycle mgmt
sap srm,sap supplier relationship management
sap supplier relationship management,sap supplier relationship management
sap supply base optimization,sap supply base optimization
sap supply chain info center,sap supply chain info center
sap supply chain management,sap supply chain management
sap supply chain perform mgmt,sap supply chain perform mgmt
sap supply chain performance management,sap supply chain performance management
sap sybase iq,sap sybase iq
sap sybase mainframe connect,sap sybase mainframe connect
sap sybase poweramc,sap sybase poweramc
sap sybase rap,sap sybase rap
sap talent visualization,sap talent visualization
sap tao,sap tao
sap task center,sap task center
sap tax factory,sap tax factory
sap tax intelligence and management,sap tax intelligence and management
sap text analysis,sap text analysis
sap time management,sap time management
sap time processing,sap time processing
sap time recording,sap time recording
sap trade management,sap trade management
sap trade promo optimiz,sap trade promo optimiz
sap trade promotion effectiveness analysis,sap trade promotion effectiveness analysis
sap trade promotion optimization,sap trade promotion optimization
sap transportation management,sap transportation management
sap transportation resource planning,sap transportation resource planning
sap travel expense approval,sap travel expense approval
sap treasury and risk management,sap treasury and risk management
sap tutor,sap tutor
sap upstream field activity management,sap upstream field activity management
sap upstream oper analysis,sap upstream oper analysis
sap upstream oper apps,sap upstream oper apps
sap upstream operations management,sap upstream operations management
sap upstream operations performance analysis,sap upstream operations performance analysis
sap utilities customer engagement,sap utilities customer engagement
sap vehicle insights,sap vehicle insights
sap vehicles network,sap vehicles network
sap vora,sap vora
sap w&r,sap w&r
sap warehouse insights,sap warehouse insights
sap warehouse ops,sap warehouse ops
sap waste and recycling,sap waste and recycling
sap web analytics,sap web analytics
sap web as,sap web application server
sap web application server,sap web application server
sap web ide,sap web ide
sap work efficiency component,sap work efficiency component
sap work manager,sap work manager
sap workforce deployment,sap workforce deployment
sap workforce management,sap workforce management
sap workforce performance builder,sap workforce performance builder
sap working capital analytics,sap working capital analytics
sap working capital mgmt,sap working capital mgmt
sap workplace,sap workplace
sap ws,sap ws
sap xem,sap xem
sap xiep,sap xiep
sap xlpo,sap xlpo
sap xmii,sap xmii
sap xpd,sap xpd
sap xrpm,sap xrpm
sap yard logistics,sap yard logistics
sap_event_ticketing,sap event ticketing
api business hub,sap api business hub
ariba,sap ariba
bobj,sap business objects
bpmn,sap business profitability management
business suite,sap business suite
businessobjects,sap business objects
bw,sap business warehouse
bydesign,sap bydesign
caf,sap caf
cai,sap conversational ai
cf,sap cloud foundry
cfhana,sap hana cloud
cloud connector,sap cloud connector
cloud connectors,sap cloud connector
cloud foundry,sap cloud foundry
cloud foundy,sap cloud foundry
cloud platform,sap cloud platform
cloudfoundry,sap cloud foundry
cloudplattform,sap cloud platform
cp,sap cloud platform
cpea,sap cloud platform
cpi,sap cloud platform integration
crm,sap customer relationship management
erp,sap erp
fieldglass,sap fieldglass
fiori,sap fiori
gateway,sap gateway
gateways,sap gateway
gw,sap gw
hana,sap hana
hana cloud,sap hana cloud
hana cloud platform,sap hana cloud platform
hanaa,sap hana
hanacloud,sap hana cloud
hanadb,sap hana
hanagateway,sap gateway
hanalite,sap hana
hanamobilepreview,sap hana
hanaurl,sap hana
hcm,sap hcm
hcp,sap hana cloud platform
hcpr,sap hana cloud platform
hdi,sap hdi
hec,sap hec
hybris,sap hybris
icm,sap icm
infiniteinsight,sap infinite insight
irpa,sap intelligent robotic process automation
jam,sap jam
kw,sap knowledge warehouse
leonardo,sap leonardo
lumira,sap lumira
netweaver,sap netweaver
netweavers,sap netweaver
netwever,sap netweaver
nw,sap netweaver
opi,sap operational process intelligence
pa,sap predictive analytics
pi,sap process integration
powerdesigner,sap powerdesigner
predictive analysis,sap predictive analysis
predictive analytics,sap predictive analytics
sac,sap analytics cloud
sap bi,sap business intelligence
sap capital yield,sap capital yield
sap data warehouse cloud,sap data warehouse cloud
sap innovative business solutions,sap innovative business solutions
sap leonardo,sap leonardo
sap net weaver,sap netweaver
sap s4hana,sap s/4hana
sap_hana,sap hana
sap_s4hana,sap s/4hana
sapcar,sap car
sapcp,sap cloud platform
saphana,sap hana
saps4hana,sap s/4hana
sapsentinel,sap sentinel
sapui5,sap ui5
sapworkmanager,sapworkmanager
sybase,sap sybase iq
sybase ase ase,sap ase
sybase iq ,sap sybase iq